product_id,category,base_price,discount,currency
P101,Toys,57634,0.45,INR
P102,Beauty,20991,0.31,INR
P103,Sports,1841,0.26,INR
P104,Toys,45123,0.2,INR
P105,Home,838,0.47,INR
P106,Automotive,71931,0.09,INR
P107,Sports,12754,0.47,INR
P108,Sports,52360,0.42,INR
P109,Toys,11844,0.11,INR
P110,Fashion,2250,0.3,INR
P111,Home,55256,0.44,INR
P112,Toys,68457,0.31,INR
P113,Home,58553,0.46,INR
P114,Home,71355,0.47,INR
P115,Automotive,16396,0.24,INR
P116,Sports,56261,0.22,INR
P117,Beauty,63052,0.47,INR
P118,Automotive,77954,0.35,INR
P119,Automotive,28435,0.1,INR
P120,Home,38141,0.07,INR
P121,Books,30211,0.3,INR
P122,Sports,70842,0.47,INR
P123,Fashion,12682,0.43,INR
P124,Automotive,56776,0.35,INR
P125,Beauty,20041,0.11,INR
P126,Books,45313,0.16,INR
P127,Books,37698,0.44,INR
P128,Fashion,9320,0.13,INR
P129,Automotive,24570,0.18,INR
P130,Beauty,70268,0.11,INR
P131,Sports,11622,0.35,INR
P132,Electronics,74043,0.47,INR
P133,Beauty,42286,0.17,INR
P134,Fashion,7237,0.26,INR
P135,Books,36562,0.34,INR
P136,Sports,54737,0.5,INR
P137,Beauty,52071,0.1,INR
P138,Electronics,26010,0.27,INR
P139,Electronics,19926,0.22,INR
P140,Home,37765,0.44,INR
P141,Home,18350,0.26,INR
P142,Toys,66650,0.1,INR
P143,Fashion,75410,0.34,INR
P144,Automotive,52875,0.4,INR
P145,Beauty,35935,0.05,INR
P146,Beauty,57632,0.44,INR
P147,Automotive,79445,0.13,INR
P148,Toys,3483,0.3,INR
P149,Books,21162,0.24,INR
P150,Books,24010,0.37,INR
P151,Toys,78687,0.22,INR
P152,Books,41498,0.44,INR
P153,Home,57346,0.38,INR
P154,Beauty,7140,0.34,INR
P155,Toys,45047,0.41,INR
P156,Beauty,55120,0.39,INR
P157,Automotive,15817,0.07,INR
P158,Electronics,8064,0.23,INR
P159,Home,27845,0.47,INR
P160,Sports,79773,0.11,INR
P161,Home,75359,0.38,INR
P162,Toys,74538,0.49,INR
P163,Sports,52893,0.07,INR
P164,Electronics,66581,0.36,INR
P165,Toys,29930,0.26,INR
P166,Fashion,76032,0.31,INR
P167,Beauty,28288,0.09,INR
P168,Electronics,49043,0.07,INR
P169,Beauty,14419,0.35,INR
P170,Books,69846,0.42,INR
P171,Fashion,40474,0.4,INR
P172,Fashion,16871,0.29,INR
P173,Electronics,45584,0.09,INR
P174,Fashion,30129,0.36,INR
P175,Sports,51684,0.16,INR
P176,Fashion,62416,0.46,INR
P177,Beauty,74472,0.43,INR
P178,Beauty,62687,0.37,INR
P179,Toys,13484,0.48,INR
P180,Beauty,33539,0.06,INR
P181,Toys,59106,0.38,INR
P182,Beauty,11116,0.2,INR
P183,Sports,50572,0.46,INR
P184,Automotive,25074,0.17,INR
P185,Toys,3930,0.38,INR
P186,Home,13176,0.44,INR
P187,Books,11316,0.07,INR
P188,Electronics,33233,0.23,INR
P189,Beauty,2550,0.39,INR
P190,Fashion,34433,0.25,INR
P191,Automotive,25451,0.17,INR
P192,Beauty,32913,0.15,INR
P193,Fashion,35301,0.11,INR
P194,Books,56119,0.44,INR
P195,Books,33413,0.31,INR
P196,Books,41100,0.08,INR
P197,Fashion,58275,0.22,INR
P198,Beauty,35900,0.22,INR
P199,Books,4994,0.13,INR
P200,Sports,75191,0.25,INR
P201,Toys,43501,0.2,INR
P202,Fashion,67864,0.2,INR
P203,Fashion,45528,0.38,INR
P204,Beauty,38073,0.15,INR
P205,Fashion,1306,0.34,INR
P206,Fashion,57138,0.31,INR
P207,Books,30257,0.31,INR
P208,Beauty,35136,0.35,INR
P209,Books,48780,0.3,INR
P210,Toys,24762,0.45,INR
P211,Automotive,62711,0.35,INR
P212,Toys,55342,0.3,INR
P213,Automotive,57479,0.42,INR
P214,Books,38697,0.32,INR
P215,Toys,42344,0.18,INR
P216,Beauty,65254,0.14,INR
P217,Electronics,34657,0.12,INR
P218,Books,77629,0.45,INR
P219,Automotive,40542,0.37,INR
P220,Sports,62165,0.47,INR
P221,Automotive,27876,0.32,INR
P222,Sports,56054,0.26,INR
P223,Fashion,14699,0.08,INR
P224,Toys,51448,0.35,INR
P225,Sports,74281,0.31,INR
P226,Automotive,73250,0.5,INR
P227,Fashion,66762,0.16,INR
P228,Electronics,47100,0.29,INR
P229,Beauty,77398,0.34,INR
P230,Beauty,62983,0.34,INR
P231,Beauty,18797,0.3,INR
P232,Sports,30948,0.4,INR
P233,Electronics,26672,0.14,INR
P234,Sports,43374,0.38,INR
P235,Toys,8157,0.33,INR
P236,Sports,25925,0.45,INR
P237,Electronics,27185,0.43,INR
P238,Electronics,25078,0.19,INR
P239,Toys,29331,0.17,INR
P240,Electronics,8406,0.49,INR
P241,Automotive,61913,0.29,INR
P242,Electronics,54528,0.46,INR
P243,Beauty,7787,0.12,INR
P244,Automotive,34160,0.34,INR
P245,Automotive,76258,0.41,INR
P246,Toys,61004,0.48,INR
P247,Home,60220,0.2,INR
P248,Home,35201,0.38,INR
P249,Electronics,18174,0.29,INR
P250,Automotive,24374,0.08,INR
P251,Home,44142,0.36,INR
P252,Home,65660,0.36,INR
P253,Electronics,18102,0.47,INR
P254,Home,26431,0.27,INR
P255,Sports,29692,0.15,INR
P256,Fashion,47042,0.07,INR
P257,Toys,43020,0.24,INR
P258,Fashion,65272,0.19,INR
P259,Electronics,59262,0.39,INR
P260,Beauty,50606,0.21,INR
P261,Toys,26059,0.48,INR
P262,Electronics,34242,0.48,INR
P263,Automotive,70169,0.33,INR
P264,Beauty,22254,0.47,INR
P265,Fashion,4472,0.39,INR
P266,Electronics,71331,0.3,INR
P267,Automotive,42373,0.13,INR
P268,Toys,10403,0.26,INR
P269,Toys,3520,0.3,INR
P270,Books,42255,0.44,INR
P271,Automotive,46148,0.27,INR
P272,Sports,10016,0.45,INR
P273,Home,2896,0.35,INR
P274,Beauty,19629,0.11,INR
P275,Automotive,2091,0.5,INR
P276,Books,11803,0.29,INR
P277,Home,31061,0.23,INR
P278,Home,72219,0.35,INR
P279,Electronics,7814,0.1,INR
P280,Home,20123,0.34,INR
P281,Sports,68175,0.27,INR
P282,Toys,65582,0.23,INR
P283,Books,33630,0.48,INR
P284,Home,52256,0.29,INR
P285,Electronics,26792,0.15,INR
P286,Sports,69774,0.26,INR
P287,Fashion,2969,0.46,INR
P288,Toys,54447,0.13,INR
P289,Toys,23034,0.15,INR
P290,Books,64120,0.06,INR
P291,Toys,49374,0.06,INR
P292,Home,50208,0.42,INR
P293,Electronics,75053,0.38,INR
P294,Toys,68844,0.21,INR
P295,Toys,49638,0.36,INR
P296,Fashion,54802,0.23,INR
P297,Fashion,48138,0.48,INR
P298,Beauty,78749,0.49,INR
P299,Sports,3219,0.23,INR
P300,Home,23390,0.43,INR
P301,Toys,77736,0.4,INR
P302,Automotive,37009,0.19,INR
P303,Toys,43034,0.15,INR
P304,Electronics,19287,0.26,INR
P305,Beauty,49345,0.4,INR
P306,Sports,58432,0.48,INR
P307,Automotive,33562,0.39,INR
P308,Beauty,76213,0.43,INR
P309,Books,60961,0.32,INR
P310,Sports,75918,0.43,INR
P311,Toys,67172,0.4,INR
P312,Toys,35332,0.22,INR
P313,Sports,32466,0.3,INR
P314,Toys,73045,0.41,INR
P315,Home,13487,0.07,INR
P316,Sports,37811,0.41,INR
P317,Beauty,32075,0.13,INR
P318,Sports,64352,0.28,INR
P319,Automotive,1507,0.41,INR
P320,Toys,71481,0.16,INR
P321,Home,76742,0.16,INR
P322,Home,48017,0.23,INR
P323,Books,29757,0.45,INR
P324,Beauty,42707,0.05,INR
P325,Fashion,13781,0.46,INR
P326,Fashion,61746,0.12,INR
P327,Sports,1935,0.5,INR
P328,Books,27160,0.48,INR
P329,Electronics,5584,0.27,INR
P330,Sports,14007,0.28,INR
P331,Books,73095,0.27,INR
P332,Beauty,46039,0.34,INR
P333,Beauty,7991,0.09,INR
P334,Beauty,50692,0.06,INR
P335,Beauty,64388,0.08,INR
P336,Beauty,74109,0.25,INR
P337,Books,9577,0.17,INR
P338,Books,21453,0.33,INR
P339,Home,77419,0.5,INR
P340,Automotive,68389,0.22,INR
P341,Fashion,24321,0.31,INR
P342,Toys,38067,0.24,INR
P343,Beauty,25360,0.43,INR
P344,Electronics,21695,0.46,INR
P345,Toys,77975,0.44,INR
P346,Books,21927,0.49,INR
P347,Electronics,27583,0.06,INR
P348,Electronics,57872,0.43,INR
P349,Electronics,44564,0.39,INR
P350,Home,8313,0.15,INR
P351,Books,32098,0.48,INR
P352,Electronics,27582,0.12,INR
P353,Beauty,29741,0.36,INR
P354,Sports,45069,0.15,INR
P355,Electronics,12245,0.24,INR
P356,Home,26529,0.37,INR
P357,Toys,13525,0.3,INR
P358,Books,14788,0.24,INR
P359,Automotive,7040,0.2,INR
P360,Home,69378,0.43,INR
P361,Electronics,42346,0.11,INR
P362,Books,76432,0.24,INR
P363,Sports,17982,0.46,INR
P364,Electronics,23911,0.43,INR
P365,Home,51475,0.23,INR
P366,Fashion,61045,0.39,INR
P367,Beauty,79297,0.42,INR
P368,Automotive,52807,0.45,INR
P369,Toys,3593,0.3,INR
P370,Home,77758,0.14,INR
P371,Books,22542,0.16,INR
P372,Automotive,53430,0.18,INR
P373,Automotive,44913,0.32,INR
P374,Automotive,34256,0.06,INR
P375,Electronics,53768,0.34,INR
P376,Beauty,39714,0.21,INR
P377,Electronics,29102,0.18,INR
P378,Books,53831,0.45,INR
P379,Electronics,49401,0.26,INR
P380,Fashion,63916,0.09,INR
P381,Beauty,32696,0.42,INR
P382,Beauty,6126,0.07,INR
P383,Books,7924,0.38,INR
P384,Toys,13357,0.4,INR
P385,Fashion,20482,0.21,INR
P386,Home,77461,0.42,INR
P387,Electronics,2480,0.28,INR
P388,Sports,48790,0.26,INR
P389,Electronics,26931,0.07,INR
P390,Automotive,26885,0.18,INR
P391,Electronics,38658,0.47,INR
P392,Home,23519,0.23,INR
P393,Electronics,19139,0.3,INR
P394,Fashion,22063,0.29,INR
P395,Fashion,39841,0.32,INR
P396,Beauty,6276,0.08,INR
P397,Books,36944,0.21,INR
P398,Toys,69416,0.38,INR
P399,Sports,9211,0.14,INR
P400,Automotive,74818,0.14,INR
P401,Electronics,31207,0.05,INR
P402,Electronics,39610,0.25,INR
P403,Home,62288,0.45,INR
P404,Books,39327,0.07,INR
P405,Fashion,6155,0.14,INR
P406,Sports,45359,0.19,INR
P407,Beauty,54125,0.38,INR
P408,Fashion,52598,0.34,INR
P409,Automotive,15751,0.24,INR
P410,Books,1026,0.39,INR
P411,Automotive,69260,0.32,INR
P412,Toys,48337,0.45,INR
P413,Beauty,12036,0.42,INR
P414,Toys,29041,0.16,INR
P415,Home,79583,0.17,INR
P416,Automotive,51527,0.11,INR
P417,Home,35031,0.2,INR
P418,Electronics,9212,0.5,INR
P419,Toys,65955,0.23,INR
P420,Books,75244,0.15,INR
P421,Automotive,5609,0.39,INR
P422,Sports,49768,0.29,INR
P423,Beauty,55115,0.12,INR
P424,Fashion,30259,0.22,INR
P425,Books,60612,0.24,INR
P426,Books,27089,0.39,INR
P427,Home,30515,0.06,INR
P428,Toys,29509,0.17,INR
P429,Automotive,62546,0.28,INR
P430,Automotive,26643,0.17,INR
P431,Electronics,6654,0.33,INR
P432,Electronics,22304,0.27,INR
P433,Beauty,42188,0.21,INR
P434,Home,64788,0.48,INR
P435,Books,51695,0.33,INR
P436,Automotive,21081,0.11,INR
P437,Sports,53148,0.3,INR
P438,Home,30587,0.4,INR
P439,Beauty,50430,0.37,INR
P440,Beauty,33481,0.13,INR
P441,Home,69798,0.49,INR
P442,Beauty,46667,0.25,INR
P443,Home,75804,0.12,INR
P444,Fashion,43908,0.13,INR
P445,Home,39999,0.09,INR
P446,Toys,52769,0.41,INR
P447,Home,39059,0.1,INR
P448,Beauty,74819,0.11,INR
P449,Automotive,49287,0.43,INR
P450,Toys,35988,0.21,INR
P451,Beauty,74941,0.06,INR
P452,Electronics,75163,0.07,INR
P453,Electronics,22931,0.11,INR
P454,Automotive,62181,0.15,INR
P455,Automotive,63983,0.35,INR
P456,Toys,49653,0.12,INR
P457,Fashion,6868,0.1,INR
P458,Automotive,27924,0.39,INR
P459,Electronics,45504,0.35,INR
P460,Home,57485,0.25,INR
P461,Beauty,50569,0.3,INR
P462,Electronics,52826,0.19,INR
P463,Electronics,23898,0.27,INR
P464,Fashion,51361,0.28,INR
P465,Toys,76397,0.22,INR
P466,Toys,69077,0.46,INR
P467,Books,66141,0.06,INR
P468,Fashion,9578,0.4,INR
P469,Home,25503,0.11,INR
P470,Toys,63268,0.41,INR
P471,Beauty,51547,0.33,INR
P472,Automotive,72126,0.43,INR
P473,Fashion,58160,0.09,INR
P474,Automotive,50286,0.3,INR
P475,Electronics,2425,0.28,INR
P476,Beauty,26515,0.37,INR
P477,Beauty,33820,0.29,INR
P478,Electronics,65381,0.29,INR
P479,Fashion,26789,0.24,INR
P480,Electronics,3889,0.19,INR
P481,Automotive,26183,0.27,INR
P482,Books,14129,0.1,INR
P483,Beauty,62050,0.48,INR
P484,Sports,25326,0.37,INR
P485,Sports,27130,0.48,INR
P486,Automotive,46663,0.15,INR
P487,Home,66935,0.45,INR
P488,Toys,12153,0.41,INR
P489,Electronics,28461,0.35,INR
P490,Electronics,74637,0.33,INR
P491,Home,34162,0.19,INR
P492,Home,56946,0.42,INR
P493,Automotive,21788,0.28,INR
P494,Automotive,37377,0.08,INR
P495,Home,15813,0.19,INR
P496,Beauty,73215,0.47,INR
P497,Automotive,10826,0.43,INR
P498,Books,2060,0.49,INR
P499,Automotive,79648,0.33,INR
P500,Electronics,27245,0.16,INR
P501,Automotive,32390,0.12,INR
P502,Beauty,20522,0.13,INR
P503,Home,53079,0.06,INR
P504,Electronics,70816,0.23,INR
P505,Automotive,28880,0.14,INR
P506,Beauty,2856,0.24,INR
P507,Books,70826,0.47,INR
P508,Automotive,20549,0.24,INR
P509,Beauty,76217,0.45,INR
P510,Books,16582,0.32,INR
P511,Home,1161,0.16,INR
P512,Automotive,37912,0.21,INR
P513,Books,3420,0.09,INR
P514,Electronics,60815,0.2,INR
P515,Home,9446,0.35,INR
P516,Electronics,46000,0.08,INR
P517,Sports,16809,0.14,INR
P518,Fashion,55730,0.22,INR
P519,Automotive,30527,0.49,INR
P520,Books,73041,0.4,INR
P521,Fashion,59821,0.38,INR
P522,Fashion,1456,0.1,INR
P523,Books,74631,0.4,INR
P524,Home,48408,0.4,INR
P525,Automotive,78839,0.32,INR
P526,Sports,26463,0.5,INR
P527,Electronics,39943,0.2,INR
P528,Beauty,39563,0.47,INR
P529,Electronics,5203,0.46,INR
P530,Beauty,65628,0.06,INR
P531,Electronics,72599,0.25,INR
P532,Books,26349,0.49,INR
P533,Sports,32360,0.1,INR
P534,Automotive,32085,0.3,INR
P535,Beauty,22515,0.49,INR
P536,Automotive,78039,0.3,INR
P537,Automotive,44085,0.14,INR
P538,Automotive,27458,0.31,INR
P539,Toys,26517,0.14,INR
P540,Home,77207,0.28,INR
P541,Electronics,45850,0.08,INR
P542,Automotive,12701,0.32,INR
P543,Electronics,29926,0.28,INR
P544,Automotive,18278,0.38,INR
P545,Beauty,45741,0.33,INR
P546,Home,42729,0.3,INR
P547,Home,48864,0.36,INR
P548,Books,57556,0.11,INR
P549,Toys,27990,0.32,INR
P550,Books,20475,0.13,INR
P551,Books,27223,0.47,INR
P552,Books,23779,0.08,INR
P553,Books,78801,0.24,INR
P554,Books,12061,0.36,INR
P555,Sports,66561,0.26,INR
P556,Home,49653,0.09,INR
P557,Books,33642,0.3,INR
P558,Automotive,27416,0.34,INR
P559,Home,64824,0.37,INR
P560,Home,45465,0.22,INR
P561,Fashion,5148,0.3,INR
P562,Sports,35633,0.25,INR
P563,Books,51177,0.35,INR
P564,Electronics,70635,0.31,INR
P565,Beauty,35546,0.29,INR
P566,Toys,47564,0.16,INR
P567,Automotive,69850,0.05,INR
P568,Electronics,46393,0.13,INR
P569,Sports,61772,0.1,INR
P570,Beauty,68149,0.25,INR
P571,Sports,65174,0.33,INR
P572,Automotive,14260,0.15,INR
P573,Home,22427,0.47,INR
P574,Beauty,61867,0.05,INR
P575,Home,13088,0.4,INR
P576,Automotive,52733,0.33,INR
P577,Electronics,45238,0.22,INR
P578,Automotive,33897,0.07,INR
P579,Electronics,76867,0.33,INR
P580,Beauty,71760,0.22,INR
P581,Beauty,77119,0.47,INR
P582,Books,20316,0.29,INR
P583,Sports,42740,0.47,INR
P584,Books,6776,0.15,INR
P585,Sports,23999,0.38,INR
P586,Books,72135,0.33,INR
P587,Home,36446,0.38,INR
P588,Beauty,55704,0.15,INR
P589,Electronics,52386,0.35,INR
P590,Sports,72152,0.27,INR
P591,Automotive,16063,0.38,INR
P592,Sports,10347,0.2,INR
P593,Electronics,26655,0.45,INR
P594,Books,67778,0.09,INR
P595,Sports,18809,0.41,INR
P596,Toys,1119,0.44,INR
P597,Home,50608,0.42,INR
P598,Beauty,35207,0.28,INR
P599,Electronics,20837,0.25,INR
P600,Beauty,67004,0.5,INR
P601,Toys,48114,0.15,INR
P602,Sports,781,0.3,INR
P603,Sports,27920,0.35,INR
P604,Automotive,39530,0.37,INR
P605,Toys,1558,0.14,INR
P606,Electronics,76760,0.34,INR
P607,Automotive,28904,0.42,INR
P608,Home,30356,0.07,INR
P609,Automotive,9700,0.46,INR
P610,Fashion,64678,0.06,INR
P611,Electronics,34497,0.21,INR
P612,Fashion,26111,0.06,INR
P613,Toys,41735,0.08,INR
P614,Books,35557,0.46,INR
P615,Fashion,1739,0.21,INR
P616,Home,66161,0.24,INR
P617,Automotive,45772,0.15,INR
P618,Books,61712,0.32,INR
P619,Automotive,15898,0.32,INR
P620,Fashion,57003,0.22,INR
P621,Automotive,7138,0.2,INR
P622,Toys,7070,0.45,INR
P623,Books,69285,0.22,INR
P624,Toys,9610,0.27,INR
P625,Fashion,79641,0.18,INR
P626,Toys,12615,0.4,INR
P627,Home,39562,0.23,INR
P628,Fashion,23411,0.28,INR
P629,Fashion,33056,0.16,INR
P630,Fashion,78631,0.49,INR
P631,Electronics,2469,0.18,INR
P632,Automotive,44253,0.4,INR
P633,Electronics,4970,0.24,INR
P634,Electronics,10725,0.14,INR
P635,Home,23696,0.41,INR
P636,Books,14169,0.2,INR
P637,Automotive,37880,0.44,INR
P638,Toys,48820,0.46,INR
P639,Sports,47914,0.44,INR
P640,Fashion,16077,0.07,INR
P641,Toys,55909,0.4,INR
P642,Fashion,29125,0.24,INR
P643,Home,24589,0.44,INR
P644,Fashion,36987,0.34,INR
P645,Electronics,66338,0.43,INR
P646,Automotive,50638,0.27,INR
P647,Sports,43323,0.29,INR
P648,Beauty,37708,0.11,INR
P649,Fashion,54561,0.4,INR
P650,Toys,31159,0.24,INR
P651,Electronics,32390,0.28,INR
P652,Beauty,79634,0.4,INR
P653,Sports,47555,0.32,INR
P654,Beauty,20008,0.14,INR
P655,Electronics,42787,0.32,INR
P656,Automotive,79416,0.23,INR
P657,Automotive,27484,0.26,INR
P658,Books,8625,0.06,INR
P659,Automotive,36559,0.14,INR
P660,Books,70069,0.18,INR
P661,Beauty,17587,0.37,INR
P662,Home,6204,0.06,INR
P663,Toys,61076,0.23,INR
P664,Toys,73884,0.47,INR
P665,Beauty,72960,0.1,INR
P666,Fashion,27708,0.28,INR
P667,Fashion,66524,0.4,INR
P668,Automotive,40382,0.47,INR
P669,Toys,26423,0.39,INR
P670,Toys,29665,0.37,INR
P671,Books,67703,0.42,INR
P672,Home,4614,0.25,INR
P673,Electronics,65465,0.41,INR
P674,Fashion,36821,0.05,INR
P675,Toys,73797,0.47,INR
P676,Books,25926,0.25,INR
P677,Sports,18272,0.3,INR
P678,Books,4212,0.16,INR
P679,Fashion,1867,0.38,INR
P680,Fashion,52424,0.08,INR
P681,Books,4226,0.44,INR
P682,Electronics,28223,0.42,INR
P683,Beauty,9608,0.15,INR
P684,Fashion,78214,0.41,INR
P685,Books,36143,0.4,INR
P686,Toys,31824,0.33,INR
P687,Books,9427,0.22,INR
P688,Home,22943,0.17,INR
P689,Beauty,63949,0.15,INR
P690,Sports,77243,0.19,INR
P691,Electronics,60733,0.46,INR
P692,Automotive,26037,0.08,INR
P693,Sports,78076,0.42,INR
P694,Beauty,23112,0.21,INR
P695,Beauty,6971,0.28,INR
P696,Beauty,36131,0.41,INR
P697,Sports,31848,0.45,INR
P698,Toys,65232,0.21,INR
P699,Beauty,1677,0.26,INR
P700,Books,5260,0.24,INR
P701,Sports,33279,0.06,INR
P702,Automotive,22136,0.18,INR
P703,Beauty,54051,0.26,INR
P704,Books,12056,0.23,INR
P705,Toys,28098,0.37,INR
P706,Home,12063,0.22,INR
P707,Toys,47319,0.27,INR
P708,Automotive,74270,0.24,INR
P709,Beauty,27466,0.38,INR
P710,Automotive,60389,0.44,INR
P711,Sports,27487,0.29,INR
P712,Fashion,79214,0.41,INR
P713,Beauty,58848,0.18,INR
P714,Fashion,25096,0.29,INR
P715,Books,33674,0.21,INR
P716,Home,64606,0.24,INR
P717,Electronics,70467,0.38,INR
P718,Automotive,59682,0.45,INR
P719,Toys,39810,0.1,INR
P720,Home,56588,0.34,INR
P721,Beauty,9406,0.31,INR
P722,Fashion,37414,0.1,INR
P723,Toys,45879,0.15,INR
P724,Fashion,79112,0.19,INR
P725,Sports,38150,0.13,INR
P726,Fashion,47381,0.16,INR
P727,Sports,46913,0.17,INR
P728,Books,6512,0.2,INR
P729,Toys,50615,0.39,INR
P730,Toys,7651,0.31,INR
P731,Electronics,58216,0.49,INR
P732,Beauty,36878,0.24,INR
P733,Sports,43152,0.39,INR
P734,Electronics,72930,0.44,INR
P735,Fashion,13967,0.36,INR
P736,Fashion,31510,0.24,INR
P737,Electronics,55191,0.39,INR
P738,Toys,64657,0.14,INR
P739,Fashion,12789,0.2,INR
P740,Automotive,45476,0.3,INR
P741,Books,44096,0.31,INR
P742,Books,23671,0.06,INR
P743,Automotive,44639,0.48,INR
P744,Electronics,49213,0.36,INR
P745,Automotive,30234,0.27,INR
P746,Sports,73088,0.47,INR
P747,Sports,64146,0.25,INR
P748,Electronics,4154,0.49,INR
P749,Automotive,19243,0.28,INR
P750,Sports,48868,0.1,INR
P751,Toys,74672,0.39,INR
P752,Automotive,6941,0.36,INR
P753,Toys,25111,0.4,INR
P754,Sports,12649,0.48,INR
P755,Books,59689,0.4,INR
P756,Sports,22175,0.33,INR
P757,Toys,71531,0.44,INR
P758,Home,43168,0.35,INR
P759,Beauty,14173,0.23,INR
P760,Fashion,77166,0.45,INR
P761,Automotive,65929,0.15,INR
P762,Home,24169,0.37,INR
P763,Sports,34568,0.45,INR
P764,Books,9935,0.38,INR
P765,Electronics,52749,0.36,INR
P766,Sports,37884,0.39,INR
P767,Books,76653,0.26,INR
P768,Beauty,75888,0.44,INR
P769,Sports,31901,0.14,INR
P770,Toys,72331,0.11,INR
P771,Electronics,34584,0.18,INR
P772,Books,56326,0.29,INR
P773,Books,36951,0.28,INR
P774,Books,7727,0.42,INR
P775,Beauty,32410,0.23,INR
P776,Sports,36541,0.27,INR
P777,Beauty,66181,0.06,INR
P778,Automotive,65981,0.23,INR
P779,Fashion,69076,0.34,INR
P780,Fashion,64674,0.06,INR
P781,Automotive,26660,0.18,INR
P782,Sports,18133,0.14,INR
P783,Toys,17514,0.07,INR
P784,Beauty,49604,0.27,INR
P785,Electronics,42121,0.13,INR
P786,Books,77731,0.38,INR
P787,Books,68888,0.43,INR
P788,Sports,16514,0.3,INR
P789,Toys,34255,0.49,INR
P790,Fashion,40890,0.25,INR
P791,Fashion,24211,0.28,INR
P792,Books,58493,0.5,INR
P793,Sports,75196,0.15,INR
P794,Beauty,27713,0.47,INR
P795,Fashion,58284,0.07,INR
P796,Beauty,7921,0.25,INR
P797,Toys,18227,0.08,INR
P798,Fashion,4858,0.38,INR
P799,Fashion,65608,0.32,INR
P800,Home,32617,0.37,INR
P801,Fashion,32410,0.22,INR
P802,Automotive,56254,0.22,INR
P803,Electronics,62938,0.07,INR
P804,Automotive,29871,0.21,INR
P805,Sports,52001,0.47,INR
P806,Sports,61446,0.22,INR
P807,Beauty,38967,0.42,INR
P808,Automotive,18125,0.43,INR
P809,Automotive,34393,0.22,INR
P810,Automotive,76829,0.33,INR
P811,Toys,31507,0.09,INR
P812,Fashion,40032,0.1,INR
P813,Electronics,54753,0.07,INR
P814,Beauty,12823,0.31,INR
P815,Automotive,73879,0.24,INR
P816,Automotive,14710,0.3,INR
P817,Home,16956,0.28,INR
P818,Beauty,31867,0.21,INR
P819,Automotive,55124,0.35,INR
P820,Beauty,10606,0.39,INR
P821,Fashion,68508,0.06,INR
P822,Home,72740,0.14,INR
P823,Beauty,64815,0.37,INR
P824,Electronics,69749,0.22,INR
P825,Electronics,71087,0.35,INR
P826,Sports,11256,0.21,INR
P827,Home,68511,0.23,INR
P828,Home,36878,0.12,INR
P829,Sports,4755,0.17,INR
P830,Beauty,14984,0.32,INR
P831,Home,57049,0.24,INR
P832,Electronics,35003,0.4,INR
P833,Electronics,74294,0.43,INR
P834,Automotive,45613,0.29,INR
P835,Fashion,74569,0.39,INR
P836,Home,5749,0.19,INR
P837,Beauty,19701,0.24,INR
P838,Sports,59076,0.37,INR
P839,Sports,10186,0.22,INR
P840,Beauty,53863,0.31,INR
P841,Toys,1161,0.13,INR
P842,Books,45343,0.32,INR
P843,Fashion,61463,0.44,INR
P844,Sports,43328,0.44,INR
P845,Home,49104,0.38,INR
P846,Fashion,11026,0.39,INR
P847,Home,69410,0.3,INR
P848,Toys,26092,0.31,INR
P849,Electronics,29482,0.11,INR
P850,Fashion,707,0.25,INR
P851,Automotive,69119,0.25,INR
P852,Sports,29828,0.48,INR
P853,Fashion,46979,0.24,INR
P854,Fashion,20603,0.3,INR
P855,Fashion,40391,0.29,INR
P856,Books,11254,0.34,INR
P857,Fashion,73482,0.39,INR
P858,Home,56422,0.15,INR
P859,Electronics,48731,0.29,INR
P860,Toys,29801,0.42,INR
P861,Beauty,63211,0.26,INR
P862,Fashion,41823,0.18,INR
P863,Sports,19252,0.34,INR
P864,Fashion,13895,0.42,INR
P865,Sports,56773,0.08,INR
P866,Home,5395,0.4,INR
P867,Sports,77059,0.42,INR
P868,Automotive,11199,0.26,INR
P869,Beauty,65561,0.49,INR
P870,Electronics,10215,0.4,INR
P871,Sports,19669,0.4,INR
P872,Sports,16663,0.39,INR
P873,Electronics,6282,0.12,INR
P874,Beauty,36085,0.15,INR
P875,Fashion,31182,0.26,INR
P876,Sports,48364,0.17,INR
P877,Electronics,55614,0.24,INR
P878,Automotive,38567,0.45,INR
P879,Automotive,43185,0.42,INR
P880,Home,18573,0.33,INR
P881,Electronics,36535,0.44,INR
P882,Home,65477,0.4,INR
P883,Automotive,65950,0.24,INR
P884,Beauty,10882,0.14,INR
P885,Fashion,4937,0.28,INR
P886,Electronics,71471,0.38,INR
P887,Toys,65112,0.25,INR
P888,Automotive,62429,0.35,INR
P889,Automotive,12829,0.09,INR
P890,Toys,25669,0.39,INR
P891,Books,35094,0.42,INR
P892,Automotive,77457,0.37,INR
P893,Sports,61131,0.49,INR
P894,Beauty,45533,0.42,INR
P895,Electronics,63633,0.46,INR
P896,Toys,73665,0.47,INR
P897,Sports,74361,0.41,INR
P898,Toys,52790,0.35,INR
P899,Electronics,32250,0.05,INR
P900,Home,40961,0.26,INR
P901,Electronics,74300,0.31,INR
P902,Books,78722,0.19,INR
P903,Electronics,24726,0.19,INR
P904,Electronics,7221,0.48,INR
P905,Books,56654,0.45,INR
P906,Beauty,21109,0.43,INR
P907,Automotive,52630,0.23,INR
P908,Electronics,73409,0.06,INR
P909,Books,55749,0.09,INR
P910,Sports,49395,0.19,INR
P911,Home,6156,0.06,INR
P912,Home,75020,0.06,INR
P913,Electronics,64240,0.46,INR
P914,Beauty,64809,0.37,INR
P915,Beauty,30484,0.19,INR
P916,Sports,74322,0.11,INR
P917,Electronics,6401,0.28,INR
P918,Home,32052,0.05,INR
P919,Beauty,31555,0.47,INR
P920,Electronics,38185,0.24,INR
P921,Toys,74465,0.23,INR
P922,Beauty,15216,0.23,INR
P923,Books,11638,0.08,INR
P924,Toys,35798,0.34,INR
P925,Automotive,51612,0.38,INR
P926,Beauty,23929,0.35,INR
P927,Home,50700,0.11,INR
P928,Fashion,71808,0.31,INR
P929,Toys,48744,0.31,INR
P930,Automotive,17847,0.44,INR
P931,Sports,17420,0.22,INR
P932,Sports,32322,0.22,INR
P933,Home,47159,0.33,INR
P934,Beauty,40608,0.33,INR
P935,Electronics,8467,0.26,INR
P936,Beauty,12371,0.25,INR
P937,Home,77952,0.27,INR
P938,Sports,74770,0.44,INR
P939,Beauty,34113,0.26,INR
P940,Sports,28679,0.47,INR
P941,Toys,52688,0.28,INR
P942,Automotive,55599,0.48,INR
P943,Electronics,35762,0.42,INR
P944,Toys,78713,0.21,INR
P945,Sports,18768,0.44,INR
P946,Sports,78366,0.1,INR
P947,Fashion,61045,0.47,INR
P948,Fashion,72646,0.33,INR
P949,Toys,72466,0.07,INR
P950,Books,40422,0.34,INR
P951,Toys,79864,0.49,INR
P952,Fashion,43413,0.08,INR
P953,Sports,56177,0.3,INR
P954,Home,50341,0.39,INR
P955,Toys,46832,0.41,INR
P956,Sports,25532,0.24,INR
P957,Home,38346,0.14,INR
P958,Home,59974,0.07,INR
P959,Fashion,45436,0.31,INR
P960,Toys,30294,0.25,INR
P961,Beauty,62088,0.48,INR
P962,Electronics,71484,0.08,INR
P963,Fashion,50831,0.36,INR
P964,Fashion,28641,0.06,INR
P965,Beauty,9574,0.13,INR
P966,Electronics,6906,0.25,INR
P967,Sports,23791,0.25,INR
P968,Books,42068,0.36,INR
P969,Toys,47351,0.46,INR
P970,Books,55323,0.34,INR
P971,Sports,23812,0.48,INR
P972,Automotive,43608,0.45,INR
P973,Fashion,67418,0.31,INR
P974,Electronics,34671,0.43,INR
P975,Fashion,42279,0.34,INR
P976,Home,69328,0.09,INR
P977,Fashion,12911,0.38,INR
P978,Fashion,57509,0.09,INR
P979,Sports,15922,0.32,INR
P980,Sports,42968,0.37,INR
P981,Sports,32871,0.08,INR
P982,Books,57522,0.15,INR
P983,Home,71729,0.46,INR
P984,Automotive,51696,0.33,INR
P985,Automotive,27215,0.16,INR
P986,Sports,28105,0.36,INR
P987,Electronics,31674,0.32,INR
P988,Books,10456,0.28,INR
P989,Beauty,76873,0.49,INR
P990,Electronics,69752,0.36,INR
P991,Toys,62449,0.22,INR
P992,Toys,63146,0.41,INR
P993,Electronics,70517,0.45,INR
P994,Sports,63537,0.11,INR
P995,Beauty,7048,0.14,INR
P996,Beauty,73794,0.15,INR
P997,Books,23677,0.36,INR
P998,Beauty,24522,0.32,INR
P999,Toys,6042,0.33,INR
P1000,Home,60928,0.47,INR
P1001,Sports,23240,0.4,INR
P1002,Beauty,59853,0.11,INR
P1003,Books,57032,0.21,INR
P1004,Toys,16552,0.25,INR
P1005,Home,47576,0.23,INR
P1006,Fashion,53920,0.35,INR
P1007,Fashion,1171,0.45,INR
P1008,Home,663,0.19,INR
P1009,Toys,41924,0.3,INR
P1010,Books,54244,0.41,INR
P1011,Home,70831,0.24,INR
P1012,Sports,11134,0.13,INR
P1013,Sports,5298,0.26,INR
P1014,Fashion,22920,0.07,INR
P1015,Beauty,29800,0.47,INR
P1016,Books,11249,0.08,INR
P1017,Fashion,25621,0.25,INR
P1018,Beauty,37987,0.29,INR
P1019,Beauty,33861,0.49,INR
P1020,Automotive,21723,0.12,INR
P1021,Sports,73430,0.1,INR
P1022,Toys,14556,0.05,INR
P1023,Electronics,28880,0.12,INR
P1024,Toys,26535,0.14,INR
P1025,Electronics,31120,0.33,INR
P1026,Home,20377,0.15,INR
P1027,Sports,55816,0.06,INR
P1028,Beauty,64541,0.42,INR
P1029,Books,53852,0.21,INR
P1030,Electronics,31411,0.21,INR
P1031,Toys,33284,0.19,INR
P1032,Beauty,3691,0.49,INR
P1033,Electronics,33660,0.13,INR
P1034,Electronics,65141,0.45,INR
P1035,Automotive,50223,0.4,INR
P1036,Electronics,4131,0.08,INR
P1037,Books,6672,0.49,INR
P1038,Sports,42580,0.17,INR
P1039,Books,20781,0.09,INR
P1040,Fashion,29171,0.42,INR
P1041,Beauty,51931,0.37,INR
P1042,Sports,29102,0.33,INR
P1043,Automotive,51899,0.12,INR
P1044,Sports,23972,0.27,INR
P1045,Sports,49730,0.4,INR
P1046,Toys,74116,0.19,INR
P1047,Sports,7599,0.19,INR
P1048,Automotive,25931,0.05,INR
P1049,Books,56992,0.13,INR
P1050,Sports,48184,0.44,INR
P1051,Home,30611,0.25,INR
P1052,Beauty,64436,0.49,INR
P1053,Sports,23114,0.23,INR
P1054,Beauty,42491,0.37,INR
P1055,Home,70976,0.18,INR
P1056,Home,61420,0.21,INR
P1057,Beauty,64030,0.14,INR
P1058,Electronics,36724,0.21,INR
P1059,Fashion,8288,0.3,INR
P1060,Toys,28582,0.5,INR
P1061,Electronics,77316,0.35,INR
P1062,Electronics,17031,0.14,INR
P1063,Books,45357,0.07,INR
P1064,Toys,10642,0.11,INR
P1065,Toys,48855,0.3,INR
P1066,Electronics,10366,0.39,INR
P1067,Sports,70567,0.47,INR
P1068,Books,64527,0.06,INR
P1069,Books,58406,0.29,INR
P1070,Home,28638,0.26,INR
P1071,Automotive,30456,0.35,INR
P1072,Toys,76795,0.3,INR
P1073,Electronics,5939,0.36,INR
P1074,Home,47741,0.35,INR
P1075,Beauty,43033,0.1,INR
P1076,Fashion,28770,0.41,INR
P1077,Automotive,79315,0.11,INR
P1078,Automotive,39779,0.36,INR
P1079,Automotive,24388,0.24,INR
P1080,Books,18130,0.28,INR
P1081,Beauty,61563,0.46,INR
P1082,Automotive,35644,0.45,INR
P1083,Beauty,52661,0.42,INR
P1084,Sports,77860,0.28,INR
P1085,Automotive,51479,0.38,INR
P1086,Fashion,7479,0.28,INR
P1087,Beauty,26689,0.44,INR
P1088,Beauty,43100,0.23,INR
P1089,Fashion,60060,0.49,INR
P1090,Automotive,78540,0.47,INR
P1091,Fashion,62058,0.38,INR
P1092,Beauty,7410,0.18,INR
P1093,Fashion,58213,0.11,INR
P1094,Beauty,47357,0.43,INR
P1095,Beauty,35464,0.12,INR
P1096,Sports,25727,0.43,INR
P1097,Electronics,6478,0.27,INR
P1098,Beauty,17653,0.23,INR
P1099,Automotive,60265,0.46,INR
P1100,Home,39571,0.32,INR
P1101,Books,70019,0.31,INR
P1102,Toys,10003,0.3,INR
P1103,Electronics,61203,0.22,INR
P1104,Electronics,64879,0.4,INR
P1105,Electronics,58366,0.16,INR
P1106,Sports,17405,0.47,INR
P1107,Beauty,46338,0.45,INR
P1108,Sports,58779,0.2,INR
P1109,Beauty,27306,0.38,INR
P1110,Automotive,45500,0.31,INR
P1111,Sports,22668,0.2,INR
P1112,Sports,70619,0.49,INR
P1113,Books,39214,0.06,INR
P1114,Home,54593,0.16,INR
P1115,Sports,55919,0.28,INR
P1116,Books,49645,0.28,INR
P1117,Fashion,77925,0.32,INR
P1118,Home,78311,0.39,INR
P1119,Automotive,2961,0.33,INR
P1120,Sports,14791,0.32,INR
P1121,Toys,47304,0.07,INR
P1122,Electronics,77471,0.22,INR
P1123,Fashion,65446,0.15,INR
P1124,Fashion,61832,0.17,INR
P1125,Automotive,78294,0.3,INR
P1126,Books,31341,0.14,INR
P1127,Fashion,49258,0.18,INR
P1128,Home,76772,0.16,INR
P1129,Sports,38143,0.48,INR
P1130,Sports,50908,0.48,INR
P1131,Toys,44450,0.32,INR
P1132,Automotive,57349,0.47,INR
P1133,Electronics,28544,0.4,INR
P1134,Books,16497,0.32,INR
P1135,Electronics,24411,0.05,INR
P1136,Fashion,56033,0.4,INR
P1137,Automotive,15071,0.37,INR
P1138,Toys,58441,0.33,INR
P1139,Electronics,58505,0.39,INR
P1140,Home,59212,0.28,INR
P1141,Sports,44041,0.37,INR
P1142,Fashion,23887,0.47,INR
P1143,Toys,49408,0.22,INR
P1144,Electronics,13557,0.37,INR
P1145,Books,64528,0.26,INR
P1146,Home,56231,0.35,INR
P1147,Home,25358,0.39,INR
P1148,Electronics,49189,0.07,INR
P1149,Sports,45138,0.34,INR
P1150,Electronics,46986,0.15,INR
P1151,Fashion,21067,0.35,INR
P1152,Electronics,30239,0.26,INR
P1153,Home,58304,0.4,INR
P1154,Toys,4254,0.11,INR
P1155,Electronics,27544,0.33,INR
P1156,Sports,67760,0.18,INR
P1157,Automotive,67412,0.43,INR
P1158,Toys,9206,0.47,INR
P1159,Books,9394,0.5,INR
P1160,Beauty,18537,0.41,INR
P1161,Electronics,52112,0.39,INR
P1162,Sports,30225,0.15,INR
P1163,Toys,6426,0.2,INR
P1164,Sports,9996,0.26,INR
P1165,Books,56947,0.4,INR
P1166,Home,30306,0.46,INR
P1167,Sports,41821,0.14,INR
P1168,Toys,65595,0.47,INR
P1169,Sports,23156,0.36,INR
P1170,Sports,55647,0.32,INR
P1171,Sports,50166,0.14,INR
P1172,Fashion,39287,0.07,INR
P1173,Fashion,63446,0.31,INR
P1174,Home,22227,0.34,INR
P1175,Electronics,68556,0.14,INR
P1176,Sports,3581,0.3,INR
P1177,Books,34696,0.44,INR
P1178,Electronics,37235,0.43,INR
P1179,Books,25998,0.47,INR
P1180,Electronics,77365,0.21,INR
P1181,Home,32156,0.19,INR
P1182,Sports,68195,0.39,INR
P1183,Sports,38400,0.24,INR
P1184,Beauty,48201,0.09,INR
P1185,Books,19533,0.18,INR
P1186,Electronics,11305,0.24,INR
P1187,Electronics,36351,0.18,INR
P1188,Automotive,27332,0.2,INR
P1189,Automotive,63937,0.18,INR
P1190,Fashion,14444,0.07,INR
P1191,Beauty,20373,0.34,INR
P1192,Toys,40872,0.32,INR
P1193,Automotive,15879,0.34,INR
P1194,Toys,37251,0.14,INR
P1195,Fashion,5610,0.18,INR
P1196,Fashion,54841,0.33,INR
P1197,Fashion,12587,0.32,INR
P1198,Books,24262,0.28,INR
P1199,Books,10096,0.21,INR
P1200,Home,18813,0.46,INR
P1201,Home,67049,0.2,INR
P1202,Fashion,24205,0.26,INR
P1203,Beauty,67864,0.36,INR
P1204,Electronics,73945,0.29,INR
P1205,Books,79145,0.21,INR
P1206,Beauty,2523,0.25,INR
P1207,Sports,60296,0.41,INR
P1208,Books,64929,0.18,INR
P1209,Books,62127,0.11,INR
P1210,Home,34348,0.19,INR
P1211,Electronics,38304,0.43,INR
P1212,Electronics,15879,0.09,INR
P1213,Automotive,60164,0.5,INR
P1214,Toys,28266,0.29,INR
P1215,Toys,68599,0.49,INR
P1216,Toys,36560,0.47,INR
P1217,Toys,69622,0.25,INR
P1218,Sports,16587,0.14,INR
P1219,Sports,49368,0.12,INR
P1220,Books,23725,0.16,INR
P1221,Fashion,7143,0.37,INR
P1222,Home,37227,0.17,INR
P1223,Home,11505,0.2,INR
P1224,Toys,66197,0.25,INR
P1225,Books,16529,0.46,INR
P1226,Automotive,14726,0.14,INR
P1227,Beauty,64146,0.05,INR
P1228,Fashion,61103,0.08,INR
P1229,Books,29231,0.46,INR
P1230,Fashion,69426,0.34,INR
P1231,Fashion,6497,0.17,INR
P1232,Fashion,56006,0.13,INR
P1233,Books,78729,0.18,INR
P1234,Toys,50315,0.1,INR
P1235,Home,42592,0.47,INR
P1236,Home,63039,0.4,INR
P1237,Toys,66577,0.26,INR
P1238,Fashion,22317,0.44,INR
P1239,Beauty,38361,0.16,INR
P1240,Electronics,13928,0.37,INR
P1241,Books,44434,0.44,INR
P1242,Electronics,10758,0.21,INR
P1243,Automotive,58275,0.39,INR
P1244,Toys,5969,0.18,INR
P1245,Beauty,29354,0.18,INR
P1246,Books,6756,0.1,INR
P1247,Toys,76756,0.25,INR
P1248,Fashion,34437,0.38,INR
P1249,Home,2151,0.47,INR
P1250,Electronics,50788,0.32,INR
P1251,Sports,25551,0.44,INR
P1252,Sports,27886,0.42,INR
P1253,Beauty,75554,0.13,INR
P1254,Fashion,16684,0.27,INR
P1255,Automotive,34287,0.1,INR
P1256,Electronics,22121,0.36,INR
P1257,Fashion,76064,0.48,INR
P1258,Electronics,78484,0.11,INR
P1259,Beauty,60292,0.38,INR
P1260,Beauty,45753,0.33,INR
P1261,Automotive,34551,0.31,INR
P1262,Sports,50311,0.23,INR
P1263,Fashion,30947,0.21,INR
P1264,Books,30754,0.07,INR
P1265,Sports,57918,0.15,INR
P1266,Fashion,14972,0.06,INR
P1267,Sports,3971,0.31,INR
P1268,Books,8829,0.1,INR
P1269,Home,35365,0.44,INR
P1270,Home,47350,0.29,INR
P1271,Automotive,54720,0.36,INR
P1272,Home,6897,0.23,INR
P1273,Home,36025,0.3,INR
P1274,Toys,53572,0.47,INR
P1275,Electronics,23784,0.09,INR
P1276,Toys,61830,0.16,INR
P1277,Toys,25622,0.4,INR
P1278,Automotive,71053,0.09,INR
P1279,Toys,63312,0.08,INR
P1280,Home,8499,0.21,INR
P1281,Books,22936,0.09,INR
P1282,Automotive,43463,0.31,INR
P1283,Automotive,2596,0.15,INR
P1284,Beauty,25779,0.45,INR
P1285,Automotive,26701,0.4,INR
P1286,Beauty,20215,0.36,INR
P1287,Automotive,29809,0.33,INR
P1288,Electronics,15578,0.44,INR
P1289,Home,57114,0.15,INR
P1290,Automotive,5605,0.44,INR
P1291,Home,3339,0.41,INR
P1292,Home,69420,0.39,INR
P1293,Sports,44119,0.3,INR
P1294,Automotive,43321,0.16,INR
P1295,Fashion,13993,0.24,INR
P1296,Sports,17569,0.41,INR
P1297,Fashion,8031,0.06,INR
P1298,Home,37551,0.4,INR
P1299,Home,8236,0.16,INR
P1300,Sports,8210,0.11,INR
P1301,Sports,67655,0.1,INR
P1302,Fashion,14475,0.06,INR
P1303,Beauty,62924,0.29,INR
P1304,Fashion,46103,0.15,INR
P1305,Sports,23752,0.5,INR
P1306,Books,1931,0.31,INR
P1307,Sports,75103,0.11,INR
P1308,Books,37981,0.36,INR
P1309,Electronics,10057,0.45,INR
P1310,Sports,75471,0.39,INR
P1311,Electronics,662,0.08,INR
P1312,Beauty,35242,0.45,INR
P1313,Fashion,20175,0.41,INR
P1314,Books,74497,0.12,INR
P1315,Fashion,17515,0.07,INR
P1316,Electronics,50557,0.3,INR
P1317,Books,33091,0.12,INR
P1318,Fashion,10333,0.43,INR
P1319,Sports,8396,0.21,INR
P1320,Home,33472,0.46,INR
P1321,Electronics,50233,0.3,INR
P1322,Fashion,42300,0.13,INR
P1323,Electronics,5847,0.11,INR
P1324,Toys,59563,0.31,INR
P1325,Electronics,3143,0.39,INR
P1326,Books,41285,0.4,INR
P1327,Toys,19181,0.17,INR
P1328,Automotive,50526,0.14,INR
P1329,Books,16392,0.06,INR
P1330,Home,47799,0.36,INR
P1331,Toys,17573,0.08,INR
P1332,Automotive,31182,0.24,INR
P1333,Sports,14789,0.32,INR
P1334,Electronics,8427,0.47,INR
P1335,Fashion,48830,0.19,INR
P1336,Beauty,67207,0.16,INR
P1337,Electronics,77954,0.34,INR
P1338,Automotive,65928,0.33,INR
P1339,Electronics,51101,0.2,INR
P1340,Home,77965,0.47,INR
P1341,Sports,3039,0.43,INR
P1342,Beauty,23169,0.15,INR
P1343,Toys,71468,0.16,INR
P1344,Toys,21144,0.28,INR
P1345,Toys,19245,0.4,INR
P1346,Automotive,28728,0.07,INR
P1347,Books,35021,0.36,INR
P1348,Books,27428,0.34,INR
P1349,Fashion,18822,0.15,INR
P1350,Beauty,58214,0.36,INR
P1351,Toys,62792,0.47,INR
P1352,Books,29555,0.07,INR
P1353,Automotive,43391,0.19,INR
P1354,Fashion,7088,0.25,INR
P1355,Sports,6804,0.45,INR
P1356,Fashion,7845,0.48,INR
P1357,Books,29800,0.25,INR
P1358,Home,24759,0.39,INR
P1359,Automotive,15852,0.29,INR
P1360,Home,33865,0.29,INR
P1361,Toys,19946,0.18,INR
P1362,Home,2836,0.15,INR
P1363,Toys,62532,0.18,INR
P1364,Toys,75915,0.3,INR
P1365,Books,8021,0.06,INR
P1366,Home,72207,0.46,INR
P1367,Toys,23981,0.12,INR
P1368,Beauty,18974,0.15,INR
P1369,Sports,47260,0.28,INR
P1370,Fashion,56218,0.37,INR
P1371,Fashion,45129,0.09,INR
P1372,Books,45732,0.19,INR
P1373,Home,67669,0.49,INR
P1374,Home,51169,0.17,INR
P1375,Toys,78521,0.19,INR
P1376,Automotive,69684,0.43,INR
P1377,Electronics,48445,0.07,INR
P1378,Toys,13640,0.26,INR
P1379,Sports,14857,0.22,INR
P1380,Beauty,69173,0.19,INR
P1381,Fashion,66133,0.18,INR
P1382,Toys,77443,0.09,INR
P1383,Electronics,78758,0.19,INR
P1384,Electronics,13424,0.07,INR
P1385,Toys,69786,0.4,INR
P1386,Books,74571,0.23,INR
P1387,Fashion,57826,0.25,INR
P1388,Books,31151,0.45,INR
P1389,Beauty,70702,0.35,INR
P1390,Electronics,49277,0.05,INR
P1391,Electronics,17494,0.47,INR
P1392,Sports,67763,0.16,INR
P1393,Beauty,60134,0.1,INR
P1394,Electronics,11300,0.4,INR
P1395,Beauty,38323,0.28,INR
P1396,Fashion,64378,0.25,INR
P1397,Home,19208,0.16,INR
P1398,Electronics,13319,0.3,INR
P1399,Sports,75405,0.17,INR
P1400,Fashion,64370,0.46,INR
P1401,Toys,9783,0.15,INR
P1402,Beauty,31073,0.45,INR
P1403,Toys,79207,0.3,INR
P1404,Books,31433,0.42,INR
P1405,Fashion,6274,0.37,INR
P1406,Toys,72555,0.36,INR
P1407,Automotive,11483,0.2,INR
P1408,Automotive,18633,0.16,INR
P1409,Electronics,15439,0.14,INR
P1410,Beauty,1281,0.44,INR
P1411,Home,57200,0.42,INR
P1412,Fashion,28124,0.25,INR
P1413,Electronics,7323,0.11,INR
P1414,Sports,18989,0.22,INR
P1415,Books,40461,0.33,INR
P1416,Beauty,29618,0.25,INR
P1417,Fashion,22763,0.4,INR
P1418,Automotive,14065,0.5,INR
P1419,Fashion,20854,0.14,INR
P1420,Home,43451,0.26,INR
P1421,Automotive,24148,0.24,INR
P1422,Home,51229,0.19,INR
P1423,Sports,42471,0.14,INR
P1424,Books,19158,0.08,INR
P1425,Sports,21753,0.45,INR
P1426,Electronics,64666,0.24,INR
P1427,Electronics,49063,0.27,INR
P1428,Sports,26890,0.46,INR
P1429,Books,52078,0.4,INR
P1430,Sports,79525,0.11,INR
P1431,Books,33158,0.3,INR
P1432,Books,7352,0.25,INR
P1433,Toys,3051,0.41,INR
P1434,Automotive,72447,0.38,INR
P1435,Beauty,61501,0.36,INR
P1436,Books,49659,0.2,INR
P1437,Home,52207,0.41,INR
P1438,Books,33743,0.07,INR
P1439,Books,22300,0.12,INR
P1440,Books,76439,0.2,INR
P1441,Toys,58328,0.08,INR
P1442,Automotive,7739,0.16,INR
P1443,Toys,7210,0.42,INR
P1444,Electronics,21884,0.48,INR
P1445,Toys,21538,0.19,INR
P1446,Home,41346,0.17,INR
P1447,Home,68321,0.18,INR
P1448,Toys,38491,0.17,INR
P1449,Automotive,79557,0.07,INR
P1450,Sports,7471,0.47,INR
P1451,Beauty,29639,0.15,INR
P1452,Automotive,77567,0.24,INR
P1453,Toys,38211,0.05,INR
P1454,Books,7030,0.44,INR
P1455,Fashion,11616,0.38,INR
P1456,Beauty,66294,0.48,INR
P1457,Beauty,782,0.4,INR
P1458,Home,79973,0.19,INR
P1459,Beauty,2398,0.16,INR
P1460,Toys,4635,0.36,INR
P1461,Books,7129,0.21,INR
P1462,Books,65531,0.3,INR
P1463,Electronics,33880,0.05,INR
P1464,Books,17571,0.08,INR
P1465,Automotive,20574,0.29,INR
P1466,Books,68343,0.3,INR
P1467,Home,40401,0.39,INR
P1468,Books,11705,0.11,INR
P1469,Electronics,56161,0.28,INR
P1470,Fashion,6406,0.14,INR
P1471,Toys,3091,0.09,INR
P1472,Home,63487,0.23,INR
P1473,Automotive,63870,0.12,INR
P1474,Fashion,54900,0.15,INR
P1475,Home,25650,0.19,INR
P1476,Sports,32352,0.17,INR
P1477,Beauty,43370,0.09,INR
P1478,Sports,53256,0.09,INR
P1479,Books,56981,0.14,INR
P1480,Fashion,1783,0.07,INR
P1481,Books,34191,0.33,INR
P1482,Beauty,1625,0.18,INR
P1483,Home,67565,0.18,INR
P1484,Beauty,26670,0.2,INR
P1485,Electronics,8938,0.35,INR
P1486,Beauty,20595,0.44,INR
P1487,Electronics,16654,0.39,INR
P1488,Beauty,8504,0.38,INR
P1489,Toys,10252,0.27,INR
P1490,Electronics,55926,0.36,INR
P1491,Fashion,27319,0.3,INR
P1492,Books,24717,0.15,INR
P1493,Automotive,33494,0.14,INR
P1494,Books,15536,0.18,INR
P1495,Sports,77775,0.46,INR
P1496,Books,49916,0.3,INR
P1497,Home,10087,0.38,INR
P1498,Toys,1145,0.21,INR
P1499,Beauty,31430,0.23,INR
P1500,Sports,30590,0.11,INR
P1501,Home,52642,0.13,INR
P1502,Home,26975,0.42,INR
P1503,Electronics,19388,0.31,INR
P1504,Books,44232,0.2,INR
P1505,Fashion,46805,0.41,INR
P1506,Automotive,46537,0.16,INR
P1507,Fashion,9846,0.49,INR
P1508,Sports,1087,0.21,INR
P1509,Toys,13263,0.2,INR
P1510,Fashion,59665,0.19,INR
P1511,Beauty,70115,0.1,INR
P1512,Fashion,36616,0.1,INR
P1513,Sports,26056,0.34,INR
P1514,Automotive,59542,0.44,INR
P1515,Fashion,18599,0.41,INR
P1516,Beauty,45596,0.11,INR
P1517,Electronics,72486,0.3,INR
P1518,Toys,13730,0.1,INR
P1519,Sports,29509,0.07,INR
P1520,Electronics,71469,0.35,INR
P1521,Electronics,34366,0.29,INR
P1522,Electronics,77475,0.09,INR
P1523,Home,42355,0.07,INR
P1524,Toys,6916,0.5,INR
P1525,Automotive,73016,0.06,INR
P1526,Books,56415,0.25,INR
P1527,Toys,18558,0.28,INR
P1528,Home,77137,0.1,INR
P1529,Books,41218,0.13,INR
P1530,Toys,33102,0.21,INR
P1531,Electronics,75158,0.39,INR
P1532,Sports,78612,0.28,INR
P1533,Books,58567,0.34,INR
P1534,Beauty,28016,0.49,INR
P1535,Beauty,1589,0.4,INR
P1536,Fashion,37846,0.25,INR
P1537,Books,75163,0.25,INR
P1538,Sports,10987,0.33,INR
P1539,Automotive,655,0.35,INR
P1540,Home,67994,0.28,INR
P1541,Electronics,76729,0.34,INR
P1542,Fashion,39047,0.06,INR
P1543,Beauty,29295,0.24,INR
P1544,Home,55796,0.18,INR
P1545,Home,21947,0.11,INR
P1546,Electronics,37098,0.09,INR
P1547,Automotive,42314,0.32,INR
P1548,Automotive,75830,0.29,INR
P1549,Books,63778,0.16,INR
P1550,Beauty,55577,0.26,INR
P1551,Automotive,72406,0.27,INR
P1552,Sports,10028,0.14,INR
P1553,Automotive,50600,0.34,INR
P1554,Home,8679,0.4,INR
P1555,Electronics,49281,0.41,INR
P1556,Sports,55767,0.32,INR
P1557,Books,24452,0.28,INR
P1558,Beauty,54298,0.08,INR
P1559,Books,51439,0.18,INR
P1560,Home,30016,0.09,INR
P1561,Sports,57026,0.48,INR
P1562,Sports,10949,0.11,INR
P1563,Sports,50790,0.12,INR
P1564,Home,73454,0.45,INR
P1565,Home,23246,0.47,INR
P1566,Books,68490,0.39,INR
P1567,Fashion,59310,0.05,INR
P1568,Books,15723,0.05,INR
P1569,Beauty,72737,0.22,INR
P1570,Electronics,3097,0.11,INR
P1571,Sports,66177,0.06,INR
P1572,Fashion,3159,0.26,INR
P1573,Electronics,75067,0.47,INR
P1574,Fashion,15537,0.2,INR
P1575,Automotive,47238,0.35,INR
P1576,Automotive,72178,0.34,INR
P1577,Toys,12609,0.16,INR
P1578,Automotive,22510,0.34,INR
P1579,Books,9287,0.15,INR
P1580,Automotive,8972,0.1,INR
P1581,Home,23883,0.37,INR
P1582,Sports,62209,0.1,INR
P1583,Books,70285,0.5,INR
P1584,Electronics,35018,0.13,INR
P1585,Toys,54409,0.32,INR
P1586,Toys,18851,0.24,INR
P1587,Toys,70124,0.11,INR
P1588,Electronics,53830,0.06,INR
P1589,Electronics,15782,0.33,INR
P1590,Electronics,22278,0.41,INR
P1591,Electronics,24764,0.43,INR
P1592,Toys,60175,0.27,INR
P1593,Toys,5575,0.4,INR
P1594,Fashion,76448,0.35,INR
P1595,Books,48954,0.38,INR
P1596,Sports,28865,0.27,INR
P1597,Automotive,73266,0.34,INR
P1598,Automotive,48700,0.41,INR
P1599,Home,11502,0.23,INR
P1600,Toys,14447,0.41,INR
P1601,Home,79722,0.32,INR
P1602,Books,79110,0.12,INR
P1603,Books,52642,0.06,INR
P1604,Home,56807,0.21,INR
P1605,Toys,4993,0.3,INR
P1606,Home,50585,0.43,INR
P1607,Automotive,34728,0.11,INR
P1608,Fashion,52375,0.41,INR
P1609,Automotive,32155,0.44,INR
P1610,Beauty,43972,0.12,INR
P1611,Toys,49937,0.43,INR
P1612,Toys,49916,0.5,INR
P1613,Sports,60211,0.38,INR
P1614,Electronics,7316,0.4,INR
P1615,Beauty,77675,0.5,INR
P1616,Books,64807,0.32,INR
P1617,Toys,47233,0.19,INR
P1618,Home,11740,0.43,INR
P1619,Beauty,71863,0.33,INR
P1620,Sports,33262,0.31,INR
P1621,Books,8759,0.16,INR
P1622,Electronics,50639,0.39,INR
P1623,Electronics,15349,0.09,INR
P1624,Sports,55369,0.47,INR
P1625,Sports,63595,0.2,INR
P1626,Home,71410,0.11,INR
P1627,Toys,24067,0.25,INR
P1628,Electronics,35792,0.07,INR
P1629,Books,75313,0.36,INR
P1630,Beauty,52131,0.46,INR
P1631,Books,10385,0.43,INR
P1632,Fashion,60159,0.11,INR
P1633,Fashion,54806,0.11,INR
P1634,Sports,66814,0.42,INR
P1635,Home,65587,0.47,INR
P1636,Fashion,29665,0.26,INR
P1637,Electronics,59429,0.27,INR
P1638,Books,67528,0.19,INR
P1639,Books,50312,0.45,INR
P1640,Sports,51000,0.34,INR
P1641,Toys,79651,0.18,INR
P1642,Toys,59143,0.18,INR
P1643,Beauty,45400,0.45,INR
P1644,Sports,43446,0.06,INR
P1645,Automotive,8351,0.2,INR
P1646,Beauty,16788,0.3,INR
P1647,Automotive,73192,0.12,INR
P1648,Toys,68080,0.09,INR
P1649,Sports,7868,0.42,INR
P1650,Automotive,46903,0.45,INR
P1651,Sports,9668,0.42,INR
P1652,Sports,50379,0.45,INR
P1653,Toys,60371,0.3,INR
P1654,Beauty,32674,0.42,INR
P1655,Beauty,7081,0.22,INR
P1656,Sports,72353,0.35,INR
P1657,Fashion,64546,0.49,INR
P1658,Home,50178,0.15,INR
P1659,Toys,27149,0.23,INR
P1660,Home,15067,0.27,INR
P1661,Home,62444,0.11,INR
P1662,Beauty,78502,0.09,INR
P1663,Beauty,29303,0.42,INR
P1664,Fashion,18730,0.49,INR
P1665,Home,18362,0.23,INR
P1666,Home,43855,0.09,INR
P1667,Sports,31759,0.08,INR
P1668,Beauty,31295,0.45,INR
P1669,Home,9270,0.26,INR
P1670,Books,11593,0.19,INR
P1671,Fashion,47071,0.26,INR
P1672,Automotive,693,0.19,INR
P1673,Books,18069,0.27,INR
P1674,Books,11690,0.44,INR
P1675,Automotive,63324,0.32,INR
P1676,Toys,43252,0.36,INR
P1677,Toys,32827,0.21,INR
P1678,Fashion,42570,0.38,INR
P1679,Books,40697,0.35,INR
P1680,Home,2761,0.1,INR
P1681,Beauty,27012,0.31,INR
P1682,Fashion,7216,0.17,INR
P1683,Sports,29433,0.41,INR
P1684,Automotive,4878,0.24,INR
P1685,Books,41083,0.5,INR
P1686,Fashion,29533,0.09,INR
P1687,Electronics,24500,0.4,INR
P1688,Electronics,76368,0.35,INR
P1689,Toys,43104,0.4,INR
P1690,Automotive,68836,0.19,INR
P1691,Beauty,74369,0.27,INR
P1692,Home,5910,0.41,INR
P1693,Beauty,56544,0.15,INR
P1694,Beauty,63815,0.15,INR
P1695,Beauty,71844,0.3,INR
P1696,Automotive,7296,0.29,INR
P1697,Beauty,54745,0.18,INR
P1698,Sports,43556,0.18,INR
P1699,Automotive,18209,0.18,INR
P1700,Sports,59057,0.4,INR
P1701,Automotive,18043,0.34,INR
P1702,Toys,37918,0.42,INR
P1703,Fashion,17224,0.49,INR
P1704,Electronics,4328,0.26,INR
P1705,Beauty,17587,0.08,INR
P1706,Toys,13105,0.07,INR
P1707,Fashion,31837,0.18,INR
P1708,Electronics,5982,0.47,INR
P1709,Books,65833,0.29,INR
P1710,Home,51452,0.17,INR
P1711,Sports,5963,0.23,INR
P1712,Books,70948,0.32,INR
P1713,Automotive,5148,0.34,INR
P1714,Electronics,34123,0.12,INR
P1715,Books,59656,0.49,INR
P1716,Home,36134,0.3,INR
P1717,Toys,45102,0.11,INR
P1718,Electronics,49834,0.45,INR
P1719,Books,69148,0.08,INR
P1720,Sports,22554,0.46,INR
P1721,Sports,70528,0.5,INR
P1722,Fashion,22707,0.37,INR
P1723,Books,21886,0.4,INR
P1724,Beauty,60018,0.2,INR
P1725,Books,53281,0.47,INR
P1726,Toys,53280,0.29,INR
P1727,Electronics,61940,0.38,INR
P1728,Electronics,44699,0.47,INR
P1729,Toys,61535,0.49,INR
P1730,Books,8710,0.42,INR
P1731,Toys,44863,0.19,INR
P1732,Home,78779,0.48,INR
P1733,Automotive,60848,0.33,INR
P1734,Toys,55784,0.47,INR
P1735,Sports,72624,0.35,INR
P1736,Toys,69347,0.19,INR
P1737,Electronics,22932,0.22,INR
P1738,Sports,64589,0.3,INR
P1739,Electronics,55898,0.41,INR
P1740,Fashion,3821,0.19,INR
P1741,Beauty,37883,0.31,INR
P1742,Electronics,79182,0.21,INR
P1743,Sports,79690,0.42,INR
P1744,Fashion,53393,0.26,INR
P1745,Electronics,36320,0.08,INR
P1746,Home,66762,0.12,INR
P1747,Toys,4260,0.08,INR
P1748,Beauty,22690,0.27,INR
P1749,Electronics,67911,0.1,INR
P1750,Fashion,23877,0.1,INR
P1751,Home,47237,0.47,INR
P1752,Books,70069,0.44,INR
P1753,Fashion,38711,0.25,INR
P1754,Toys,4244,0.49,INR
P1755,Fashion,25495,0.05,INR
P1756,Home,17477,0.33,INR
P1757,Fashion,35042,0.33,INR
P1758,Home,11151,0.26,INR
P1759,Electronics,79431,0.23,INR
P1760,Automotive,17215,0.25,INR
P1761,Home,44909,0.24,INR
P1762,Home,24806,0.38,INR
P1763,Beauty,19586,0.11,INR
P1764,Home,14876,0.14,INR
P1765,Home,61850,0.13,INR
P1766,Books,71925,0.17,INR
P1767,Automotive,37136,0.29,INR
P1768,Electronics,52149,0.1,INR
P1769,Toys,35110,0.44,INR
P1770,Beauty,10558,0.18,INR
P1771,Books,75137,0.12,INR
P1772,Sports,78533,0.35,INR
P1773,Automotive,70694,0.07,INR
P1774,Electronics,77417,0.33,INR
P1775,Electronics,64700,0.36,INR
P1776,Sports,47119,0.15,INR
P1777,Toys,17654,0.07,INR
P1778,Home,20039,0.21,INR
P1779,Books,60558,0.09,INR
P1780,Fashion,62568,0.1,INR
P1781,Beauty,77813,0.16,INR
P1782,Fashion,30873,0.18,INR
P1783,Sports,33654,0.29,INR
P1784,Electronics,6531,0.36,INR
P1785,Toys,72475,0.32,INR
P1786,Electronics,23285,0.12,INR
P1787,Beauty,79428,0.13,INR
P1788,Electronics,29169,0.45,INR
P1789,Electronics,2782,0.3,INR
P1790,Beauty,35124,0.44,INR
P1791,Books,48938,0.22,INR
P1792,Books,68034,0.33,INR
P1793,Beauty,32205,0.29,INR
P1794,Toys,38744,0.19,INR
P1795,Sports,75464,0.26,INR
P1796,Automotive,37937,0.28,INR
P1797,Electronics,78372,0.14,INR
P1798,Toys,75378,0.19,INR
P1799,Electronics,73482,0.41,INR
P1800,Automotive,51083,0.46,INR
P1801,Sports,38892,0.21,INR
P1802,Books,7961,0.19,INR
P1803,Toys,11016,0.14,INR
P1804,Home,79785,0.36,INR
P1805,Home,18014,0.2,INR
P1806,Automotive,36768,0.49,INR
P1807,Home,37288,0.2,INR
P1808,Books,76249,0.23,INR
P1809,Automotive,61549,0.32,INR
P1810,Books,62993,0.41,INR
P1811,Sports,36527,0.26,INR
P1812,Electronics,43349,0.24,INR
P1813,Sports,18358,0.5,INR
P1814,Sports,79503,0.05,INR
P1815,Books,52895,0.45,INR
P1816,Automotive,40258,0.12,INR
P1817,Automotive,54812,0.4,INR
P1818,Home,69170,0.33,INR
P1819,Fashion,15934,0.2,INR
P1820,Electronics,64547,0.44,INR
P1821,Books,48275,0.06,INR
P1822,Home,76269,0.15,INR
P1823,Toys,67177,0.31,INR
P1824,Fashion,46234,0.21,INR
P1825,Fashion,41103,0.32,INR
P1826,Books,77208,0.06,INR
P1827,Beauty,69303,0.1,INR
P1828,Electronics,39832,0.11,INR
P1829,Fashion,21812,0.14,INR
P1830,Books,44679,0.26,INR
P1831,Books,71942,0.39,INR
P1832,Home,40879,0.46,INR
P1833,Toys,17797,0.43,INR
P1834,Beauty,2511,0.14,INR
P1835,Electronics,44514,0.25,INR
P1836,Automotive,12238,0.14,INR
P1837,Sports,47998,0.17,INR
P1838,Toys,11620,0.28,INR
P1839,Toys,9267,0.08,INR
P1840,Home,23352,0.15,INR
P1841,Automotive,79739,0.47,INR
P1842,Fashion,1429,0.26,INR
P1843,Fashion,77987,0.25,INR
P1844,Home,17938,0.06,INR
P1845,Books,49015,0.16,INR
P1846,Fashion,6244,0.44,INR
P1847,Beauty,42917,0.12,INR
P1848,Electronics,7569,0.24,INR
P1849,Toys,42859,0.06,INR
P1850,Toys,20299,0.27,INR
P1851,Beauty,70688,0.06,INR
P1852,Automotive,8097,0.42,INR
P1853,Fashion,47593,0.42,INR
P1854,Toys,37726,0.4,INR
P1855,Sports,72627,0.18,INR
P1856,Automotive,77862,0.43,INR
P1857,Electronics,26917,0.29,INR
P1858,Electronics,19193,0.22,INR
P1859,Toys,53661,0.33,INR
P1860,Home,2669,0.06,INR
P1861,Automotive,22552,0.11,INR
P1862,Toys,72349,0.38,INR
P1863,Home,74351,0.16,INR
P1864,Toys,8536,0.32,INR
P1865,Sports,32278,0.22,INR
P1866,Automotive,28234,0.43,INR
P1867,Books,23673,0.48,INR
P1868,Electronics,30903,0.45,INR
P1869,Toys,66821,0.17,INR
P1870,Sports,72175,0.14,INR
P1871,Home,6844,0.26,INR
P1872,Home,19300,0.05,INR
P1873,Electronics,25872,0.06,INR
P1874,Beauty,62016,0.3,INR
P1875,Toys,21038,0.28,INR
P1876,Automotive,64418,0.5,INR
P1877,Fashion,15473,0.14,INR
P1878,Home,71655,0.17,INR
P1879,Automotive,60000,0.1,INR
P1880,Automotive,37075,0.46,INR
P1881,Books,42761,0.4,INR
P1882,Automotive,28216,0.42,INR
P1883,Automotive,3736,0.46,INR
P1884,Books,16348,0.29,INR
P1885,Home,2852,0.25,INR
P1886,Automotive,2432,0.2,INR
P1887,Beauty,76949,0.32,INR
P1888,Beauty,9056,0.25,INR
P1889,Sports,5998,0.25,INR
P1890,Books,76618,0.47,INR
P1891,Sports,50598,0.49,INR
P1892,Books,64886,0.41,INR
P1893,Toys,10069,0.39,INR
P1894,Toys,57382,0.36,INR
P1895,Automotive,70893,0.12,INR
P1896,Fashion,840,0.08,INR
P1897,Toys,44449,0.36,INR
P1898,Fashion,62943,0.38,INR
P1899,Toys,74527,0.07,INR
P1900,Electronics,638,0.47,INR
P1901,Toys,858,0.09,INR
P1902,Sports,75750,0.18,INR
P1903,Home,31154,0.35,INR
P1904,Automotive,26379,0.13,INR
P1905,Sports,56278,0.07,INR
P1906,Home,38272,0.2,INR
P1907,Beauty,58978,0.39,INR
P1908,Sports,64853,0.24,INR
P1909,Beauty,27262,0.34,INR
P1910,Fashion,13783,0.31,INR
P1911,Fashion,64422,0.06,INR
P1912,Electronics,39920,0.49,INR
P1913,Toys,56068,0.07,INR
P1914,Sports,20719,0.49,INR
P1915,Beauty,57669,0.3,INR
P1916,Home,75465,0.48,INR
P1917,Fashion,47340,0.1,INR
P1918,Toys,45195,0.27,INR
P1919,Fashion,78488,0.13,INR
P1920,Home,58842,0.07,INR
P1921,Toys,19451,0.33,INR
P1922,Toys,1807,0.14,INR
P1923,Beauty,35928,0.31,INR
P1924,Beauty,76274,0.1,INR
P1925,Sports,39475,0.2,INR
P1926,Sports,1640,0.4,INR
P1927,Books,25342,0.25,INR
P1928,Automotive,26921,0.33,INR
P1929,Books,2208,0.34,INR
P1930,Electronics,4130,0.43,INR
P1931,Fashion,20095,0.2,INR
P1932,Sports,76521,0.36,INR
P1933,Beauty,28808,0.48,INR
P1934,Home,45289,0.38,INR
P1935,Beauty,56190,0.27,INR
P1936,Fashion,26586,0.33,INR
P1937,Books,17359,0.38,INR
P1938,Beauty,8184,0.33,INR
P1939,Automotive,1707,0.06,INR
P1940,Electronics,46599,0.14,INR
P1941,Fashion,67996,0.41,INR
P1942,Books,66593,0.17,INR
P1943,Automotive,30189,0.38,INR
P1944,Home,49151,0.22,INR
P1945,Books,14393,0.28,INR
P1946,Toys,66918,0.08,INR
P1947,Automotive,60511,0.13,INR
P1948,Automotive,39135,0.48,INR
P1949,Electronics,56615,0.45,INR
P1950,Fashion,78905,0.34,INR
P1951,Home,73202,0.26,INR
P1952,Electronics,79018,0.35,INR
P1953,Books,73305,0.33,INR
P1954,Electronics,59454,0.31,INR
P1955,Automotive,28564,0.08,INR
P1956,Fashion,79563,0.33,INR
P1957,Sports,2954,0.4,INR
P1958,Electronics,21378,0.5,INR
P1959,Toys,51598,0.05,INR
P1960,Electronics,62654,0.38,INR
P1961,Books,13491,0.31,INR
P1962,Books,68844,0.25,INR
P1963,Home,37093,0.11,INR
P1964,Books,36804,0.23,INR
P1965,Beauty,30886,0.21,INR
P1966,Fashion,55720,0.19,INR
P1967,Fashion,69838,0.38,INR
P1968,Sports,21583,0.37,INR
P1969,Sports,18854,0.32,INR
P1970,Fashion,22690,0.47,INR
P1971,Toys,6642,0.21,INR
P1972,Sports,28898,0.16,INR
P1973,Home,52471,0.35,INR
P1974,Books,42362,0.14,INR
P1975,Fashion,53910,0.19,INR
P1976,Automotive,20003,0.15,INR
P1977,Sports,48956,0.08,INR
P1978,Fashion,8516,0.42,INR
P1979,Beauty,2884,0.16,INR
P1980,Electronics,62820,0.26,INR
P1981,Books,15572,0.07,INR
P1982,Fashion,41010,0.36,INR
P1983,Electronics,49433,0.2,INR
P1984,Sports,22326,0.39,INR
P1985,Electronics,68526,0.24,INR
P1986,Books,26018,0.14,INR
P1987,Fashion,24545,0.28,INR
P1988,Beauty,51376,0.11,INR
P1989,Toys,52419,0.25,INR
P1990,Sports,27603,0.19,INR
P1991,Fashion,36688,0.46,INR
P1992,Books,6345,0.08,INR
P1993,Sports,37174,0.36,INR
P1994,Home,19837,0.13,INR
P1995,Electronics,22813,0.19,INR
P1996,Toys,27443,0.24,INR
P1997,Books,78449,0.46,INR
P1998,Home,776,0.16,INR
P1999,Automotive,51651,0.09,INR
P2000,Fashion,18111,0.19,INR
P2001,Beauty,12444,0.1,INR
P2002,Sports,53387,0.11,INR
P2003,Electronics,50347,0.31,INR
P2004,Sports,59153,0.08,INR
P2005,Toys,57122,0.06,INR
P2006,Fashion,28310,0.37,INR
P2007,Sports,78342,0.21,INR
P2008,Electronics,11003,0.11,INR
P2009,Fashion,37476,0.16,INR
P2010,Sports,12090,0.34,INR
P2011,Beauty,11386,0.17,INR
P2012,Books,13366,0.27,INR
P2013,Fashion,67124,0.1,INR
P2014,Books,69399,0.31,INR
P2015,Automotive,33292,0.19,INR
P2016,Fashion,10264,0.33,INR
P2017,Beauty,43227,0.41,INR
P2018,Books,78971,0.33,INR
P2019,Home,8568,0.18,INR
P2020,Electronics,7795,0.17,INR
P2021,Home,41660,0.2,INR
P2022,Sports,11890,0.12,INR
P2023,Beauty,20631,0.13,INR
P2024,Home,76469,0.41,INR
P2025,Fashion,15538,0.22,INR
P2026,Sports,52827,0.25,INR
P2027,Sports,77564,0.32,INR
P2028,Home,21781,0.32,INR
P2029,Automotive,54689,0.08,INR
P2030,Home,49011,0.42,INR
P2031,Automotive,9105,0.13,INR
P2032,Beauty,1881,0.38,INR
P2033,Electronics,67134,0.4,INR
P2034,Home,20310,0.37,INR
P2035,Toys,24822,0.31,INR
P2036,Automotive,42369,0.06,INR
P2037,Home,33455,0.21,INR
P2038,Books,61888,0.32,INR
P2039,Fashion,10707,0.22,INR
P2040,Toys,68128,0.44,INR
P2041,Toys,28720,0.19,INR
P2042,Automotive,74585,0.18,INR
P2043,Books,22531,0.17,INR
P2044,Books,71221,0.2,INR
P2045,Sports,71812,0.3,INR
P2046,Automotive,60266,0.37,INR
P2047,Electronics,12949,0.35,INR
P2048,Fashion,57199,0.41,INR
P2049,Beauty,46592,0.45,INR
P2050,Toys,64171,0.42,INR
P2051,Beauty,10850,0.06,INR
P2052,Home,68987,0.38,INR
P2053,Home,18122,0.14,INR
P2054,Beauty,70763,0.11,INR
P2055,Home,53617,0.34,INR
P2056,Electronics,58894,0.19,INR
P2057,Books,24282,0.08,INR
P2058,Home,28954,0.11,INR
P2059,Sports,68404,0.05,INR
P2060,Home,16092,0.46,INR
P2061,Fashion,22673,0.06,INR
P2062,Electronics,33704,0.14,INR
P2063,Fashion,36096,0.24,INR
P2064,Fashion,34824,0.21,INR
P2065,Sports,61702,0.46,INR
P2066,Electronics,31250,0.07,INR
P2067,Electronics,76612,0.28,INR
P2068,Automotive,17066,0.36,INR
P2069,Electronics,7690,0.47,INR
P2070,Electronics,38833,0.33,INR
P2071,Electronics,2089,0.41,INR
P2072,Sports,25735,0.09,INR
P2073,Home,659,0.22,INR
P2074,Automotive,12645,0.22,INR
P2075,Fashion,32421,0.45,INR
P2076,Electronics,16737,0.12,INR
P2077,Toys,8744,0.12,INR
P2078,Home,15243,0.2,INR
P2079,Home,46601,0.07,INR
P2080,Fashion,56878,0.13,INR
P2081,Sports,71626,0.48,INR
P2082,Beauty,56571,0.24,INR
P2083,Beauty,71621,0.33,INR
P2084,Home,75263,0.38,INR
P2085,Books,12737,0.22,INR
P2086,Books,16149,0.12,INR
P2087,Fashion,38213,0.14,INR
P2088,Beauty,73963,0.19,INR
P2089,Home,45909,0.34,INR
P2090,Sports,49266,0.23,INR
P2091,Beauty,46654,0.05,INR
P2092,Home,7516,0.29,INR
P2093,Home,49188,0.46,INR
P2094,Electronics,54738,0.42,INR
P2095,Sports,59108,0.42,INR
P2096,Electronics,32397,0.41,INR
P2097,Fashion,51461,0.2,INR
P2098,Electronics,69203,0.39,INR
P2099,Toys,45257,0.11,INR
P2100,Electronics,27417,0.35,INR
